Sample Number,Individual ID,Clutch Completion,Date Egg,Culmen Length (mm),Culmen Depth (mm),Flipper Length (mm),Body Mass (g),Sex,Delta 15 N (o/oo),Delta 13 C (o/oo),Species_Adelie Penguin (Pygoscelis adeliae),Species_Chinstrap penguin (Pygoscelis antarctica),Species_Gentoo penguin (Pygoscelis papua),Island_Biscoe,Island_Dream,Island_Torgersen,studyName_PAL0708,studyName_PAL0809,studyName_PAL0910,Culmen Length/Depth ratio,Flipper Length/Mass ratio
1,N1A1,Yes,11/11/07,39.1,18.7,181.0,3750.0,0,8.733381696969698,-25.686291540785504,1,0,0,0,0,1,1,0,0,2.0909090909090913,0.048266666666666666
2,N1A2,Yes,11/11/07,39.5,17.4,186.0,3800.0,1,8.94956,-24.69454,1,0,0,0,0,1,1,0,0,2.270114942528736,0.04894736842105263
3,N2A1,Yes,11/16/07,40.3,18.0,195.0,3250.0,1,8.36821,-25.33302,1,0,0,0,0,1,1,0,0,2.238888888888889,0.06
5,N3A1,Yes,11/16/07,36.7,19.3,193.0,3450.0,1,8.76651,-25.32426,1,0,0,0,0,1,1,0,0,1.9015544041450778,0.05594202898550724
6,N3A2,Yes,11/16/07,39.3,20.6,190.0,3650.0,0,8.66496,-25.29805,1,0,0,0,0,1,1,0,0,1.907766990291262,0.052054794520547946
7,N4A1,No,11/15/07,38.9,17.8,181.0,3625.0,1,9.18718,-25.21799,1,0,0,0,0,1,1,0,0,2.185393258426966,0.049931034482758624
8,N4A2,No,11/15/07,39.2,19.6,195.0,4675.0,0,9.4606,-24.89958,1,0,0,0,0,1,1,0,0,2.0,0.04171122994652406
9,N5A1,Yes,11/9/07,34.1,18.1,193.0,3475.0,0,8.733381696969698,-25.686291540785504,1,0,0,0,0,1,1,0,0,1.8839779005524862,0.05553956834532374
10,N5A2,Yes,11/9/07,42.0,20.2,190.0,4250.0,0,9.13362,-25.09368,1,0,0,0,0,1,1,0,0,2.0792079207920793,0.04470588235294118
11,N6A1,Yes,11/9/07,37.8,17.1,186.0,3300.0,0,8.63243,-25.21315,1,0,0,0,0,1,1,0,0,2.2105263157894735,0.056363636363636366
12,N6A2,Yes,11/9/07,37.8,17.3,180.0,3700.0,0,8.733381696969698,-25.686291540785504,1,0,0,0,0,1,1,0,0,2.184971098265896,0.04864864864864865
13,N7A1,Yes,11/15/07,41.1,17.6,182.0,3200.0,1,8.733381696969698,-25.686291540785504,1,0,0,0,0,1,1,0,0,2.3352272727272725,0.056875
14,N7A2,Yes,11/15/07,38.6,21.2,191.0,3800.0,0,8.733381696969698,-25.686291540785504,1,0,0,0,0,1,1,0,0,1.8207547169811322,0.05026315789473684
15,N8A1,Yes,11/16/07,34.6,21.1,198.0,4400.0,0,8.55583,-25.22588,1,0,0,0,0,1,1,0,0,1.6398104265402844,0.045
16,N8A2,Yes,11/16/07,36.6,17.8,185.0,3700.0,1,8.733381696969698,-25.686291540785504,1,0,0,0,0,1,1,0,0,2.056179775280899,0.05
17,N9A1,Yes,11/12/07,38.7,19.0,195.0,3450.0,1,9.18528,-25.06691,1,0,0,0,0,1,1,0,0,2.0368421052631582,0.05652173913043478
18,N9A2,Yes,11/12/07,42.5,20.7,197.0,4500.0,0,8.67538,-25.13993,1,0,0,0,0,1,1,0,0,2.0531400966183577,0.04377777777777778
19,N10A1,Yes,11/16/07,34.4,18.4,184.0,3325.0,1,8.47827,-25.23319,1,0,0,0,0,1,1,0,0,1.8695652173913044,0.05533834586466165
20,N10A2,Yes,11/16/07,46.0,21.5,194.0,4200.0,0,9.11616,-24.77227,1,0,0,0,0,1,1,0,0,2.13953488372093,0.04619047619047619
21,N11A1,Yes,11/12/07,37.8,18.3,174.0,3400.0,1,8.73762,-25.09383,1,0,0,1,0,0,1,0,0,2.065573770491803,0.051176470588235295
22,N11A2,Yes,11/12/07,37.7,18.7,180.0,3600.0,0,8.66271,-25.0639,1,0,0,1,0,0,1,0,0,2.016042780748663,0.05
23,N12A1,Yes,11/12/07,35.9,19.2,189.0,3800.0,1,9.22286,-25.03474,1,0,0,1,0,0,1,0,0,1.8697916666666667,0.049736842105263156
24,N12A2,Yes,11/12/07,38.2,18.1,185.0,3950.0,0,8.43423,-25.22664,1,0,0,1,0,0,1,0,0,2.110497237569061,0.04683544303797468
25,N13A1,Yes,11/10/07,38.8,17.2,180.0,3800.0,0,9.63954,-25.29856,1,0,0,1,0,0,1,0,0,2.255813953488372,0.04736842105263158
26,N13A2,Yes,11/10/07,35.3,18.9,187.0,3800.0,1,9.21292,-24.3613,1,0,0,1,0,0,1,0,0,1.8677248677248677,0.049210526315789475
27,N17A1,Yes,11/12/07,40.6,18.6,183.0,3550.0,0,8.93997,-25.36288,1,0,0,1,0,0,1,0,0,2.182795698924731,0.05154929577464789
28,N17A2,Yes,11/12/07,40.5,17.9,187.0,3200.0,1,8.08138,-25.49448,1,0,0,1,0,0,1,0,0,2.2625698324022347,0.0584375
29,N18A1,No,11/10/07,37.9,18.6,172.0,3150.0,1,8.38404,-25.19837,1,0,0,1,0,0,1,0,0,2.0376344086021505,0.054603174603174605
30,N18A2,No,11/10/07,40.5,18.9,180.0,3950.0,0,8.90027,-25.11609,1,0,0,1,0,0,1,0,0,2.1428571428571432,0.04556962025316456
31,N21A1,Yes,11/9/07,39.5,16.7,178.0,3250.0,1,9.69756,-25.11223,1,0,0,0,1,0,1,0,0,2.3652694610778444,0.05476923076923077
32,N21A2,Yes,11/9/07,37.2,18.1,178.0,3900.0,0,9.72764,-25.0102,1,0,0,0,1,0,1,0,0,2.0552486187845305,0.045641025641025644
33,N22A1,Yes,11/9/07,39.5,17.8,188.0,3300.0,1,9.66523,-25.0602,1,0,0,0,1,0,1,0,0,2.2191011235955056,0.05696969696969697
34,N22A2,Yes,11/9/07,40.9,18.9,184.0,3900.0,0,8.79665,-25.14591,1,0,0,0,1,0,1,0,0,2.164021164021164,0.04717948717948718
35,N23A1,Yes,11/16/07,36.4,17.0,195.0,3325.0,1,9.17847,-25.23061,1,0,0,0,1,0,1,0,0,2.1411764705882352,0.058646616541353384
36,N23A2,Yes,11/16/07,39.2,21.1,196.0,4150.0,0,9.15308,-25.03469,1,0,0,0,1,0,1,0,0,1.8578199052132702,0.047228915662650604
37,N24A1,Yes,11/16/07,38.8,20.0,190.0,3950.0,0,9.18985,-25.12255,1,0,0,0,1,0,1,0,0,1.94,0.04810126582278481
38,N24A2,Yes,11/16/07,42.2,18.5,180.0,3550.0,1,8.04787,-25.49523,1,0,0,0,1,0,1,0,0,2.2810810810810813,0.05070422535211268
39,N25A1,No,11/13/07,37.6,19.3,181.0,3300.0,1,9.41131,-25.04169,1,0,0,0,1,0,1,0,0,1.9481865284974094,0.05484848484848485
40,N25A2,No,11/13/07,39.8,19.1,184.0,4650.0,0,8.733381696969698,-25.686291540785504,1,0,0,0,1,0,1,0,0,2.083769633507853,0.03956989247311828
41,N26A1,Yes,11/16/07,36.5,18.0,182.0,3150.0,1,9.68933,-24.4228,1,0,0,0,1,0,1,0,0,2.0277777777777777,0.057777777777777775
42,N26A2,Yes,11/16/07,40.8,18.4,195.0,3900.0,0,8.733381696969698,-25.686291540785504,1,0,0,0,1,0,1,0,0,2.217391304347826,0.05
43,N27A1,Yes,11/19/07,36.0,18.5,186.0,3100.0,1,9.50772,-25.03492,1,0,0,0,1,0,1,0,0,1.945945945945946,0.06
44,N27A2,Yes,11/19/07,44.1,19.7,196.0,4400.0,0,9.2372,-24.52698,1,0,0,0,1,0,1,0,0,2.238578680203046,0.04454545454545455
45,N28A1,Yes,11/16/07,37.0,16.9,185.0,3000.0,1,9.36392,-25.01745,1,0,0,0,1,0,1,0,0,2.1893491124260356,0.06166666666666667
46,N28A2,Yes,11/16/07,39.6,18.8,190.0,4600.0,0,9.49106,-24.10255,1,0,0,0,1,0,1,0,0,2.106382978723404,0.041304347826086954
47,N29A1,Yes,11/13/07,41.1,19.0,182.0,3425.0,0,8.733381696969698,-25.686291540785504,1,0,0,0,1,0,1,0,0,2.1631578947368424,0.053138686131386864
48,N29A2,Yes,11/13/07,37.5,18.9,179.0,2975.0,0,8.733381696969698,-25.686291540785504,1,0,0,0,1,0,1,0,0,1.9841269841269842,0.060168067226890755
49,N30A1,Yes,11/13/07,36.0,17.9,190.0,3450.0,1,9.51784,-25.07683,1,0,0,0,1,0,1,0,0,2.011173184357542,0.05507246376811594
50,N30A2,Yes,11/13/07,42.3,21.2,191.0,4150.0,0,8.87988,-25.18543,1,0,0,0,1,0,1,0,0,1.9952830188679245,0.04602409638554217
51,N21A1,Yes,11/6/08,39.6,17.7,186.0,3500.0,1,8.46616,-26.12989,1,0,0,1,0,0,0,1,0,2.2372881355932206,0.053142857142857144
52,N21A2,Yes,11/6/08,40.1,18.9,188.0,4300.0,0,8.51362,-26.55602,1,0,0,1,0,0,0,1,0,2.121693121693122,0.04372093023255814
53,N22A1,Yes,11/9/08,35.0,17.9,190.0,3450.0,1,8.19539,-26.17213,1,0,0,1,0,0,0,1,0,1.9553072625698324,0.05507246376811594
54,N22A2,Yes,11/9/08,42.0,19.5,200.0,4050.0,0,8.48095,-26.3146,1,0,0,1,0,0,0,1,0,2.1538461538461537,0.04938271604938271
55,N23A1,Yes,11/9/08,34.5,18.1,187.0,2900.0,1,8.41837,-26.54718,1,0,0,1,0,0,0,1,0,1.9060773480662982,0.06448275862068965
56,N23A2,Yes,11/9/08,41.4,18.6,191.0,3700.0,0,8.35396,-26.27853,1,0,0,1,0,0,0,1,0,2.225806451612903,0.05162162162162162
57,N24A1,Yes,11/15/08,39.0,17.5,186.0,3550.0,1,8.57199,-26.07188,1,0,0,1,0,0,0,1,0,2.2285714285714286,0.0523943661971831
58,N24A2,Yes,11/15/08,40.6,18.8,193.0,3800.0,0,8.56674,-25.98843,1,0,0,1,0,0,0,1,0,2.1595744680851063,0.05078947368421052
59,N25A1,Yes,11/15/08,36.5,16.6,181.0,2850.0,1,9.07878,-25.88156,1,0,0,1,0,0,0,1,0,2.1987951807228914,0.06350877192982456
60,N25A2,Yes,11/15/08,37.6,19.1,194.0,3750.0,0,9.108,-25.89677,1,0,0,1,0,0,0,1,0,1.9685863874345548,0.05173333333333333
61,N27A1,Yes,11/13/08,35.7,16.9,185.0,3150.0,1,8.96472,-26.40943,1,0,0,1,0,0,0,1,0,2.112426035502959,0.05873015873015873
62,N27A2,Yes,11/13/08,41.3,21.1,195.0,4400.0,0,8.74802,-26.37809,1,0,0,1,0,0,0,1,0,1.9573459715639807,0.04431818181818182
63,N28A1,Yes,11/13/08,37.6,17.0,185.0,3600.0,1,8.58063,-26.21569,1,0,0,1,0,0,0,1,0,2.211764705882353,0.05138888888888889
64,N28A2,Yes,11/13/08,41.1,18.2,192.0,4050.0,0,8.62264,-26.60023,1,0,0,1,0,0,0,1,0,2.258241758241758,0.047407407407407405
65,N29A1,Yes,11/13/08,36.4,17.1,184.0,2850.0,1,8.62623,-26.1165,1,0,0,1,0,0,0,1,0,2.1286549707602336,0.06456140350877193
66,N29A2,Yes,11/13/08,41.6,18.0,192.0,3950.0,0,8.85562,-26.09294,1,0,0,1,0,0,0,1,0,2.3111111111111113,0.04860759493670886
67,N30A1,Yes,11/6/08,35.5,16.2,195.0,3350.0,1,8.56192,-25.95541,1,0,0,1,0,0,0,1,0,2.191358024691358,0.058208955223880594
68,N30A2,Yes,11/6/08,41.1,19.1,188.0,4100.0,0,8.71078,-25.81012,1,0,0,1,0,0,0,1,0,2.1518324607329844,0.045853658536585365
69,N32A1,No,11/11/08,35.9,16.6,190.0,3050.0,1,8.47781,-26.07821,1,0,0,0,0,1,0,1,0,2.1626506024096384,0.06229508196721312
70,N32A2,No,11/11/08,41.8,19.4,198.0,4450.0,0,8.86853,-26.06209,1,0,0,0,0,1,0,1,0,2.154639175257732,0.04449438202247191
71,N34A1,Yes,11/14/08,33.5,19.0,190.0,3600.0,1,7.88863,-26.63085,1,0,0,0,0,1,0,1,0,1.763157894736842,0.05277777777777778
72,N34A2,Yes,11/14/08,39.7,18.4,190.0,3900.0,0,9.29808,-25.23453,1,0,0,0,0,1,0,1,0,2.1576086956521743,0.04871794871794872
73,N35A1,Yes,11/11/08,39.6,17.2,196.0,3550.0,1,8.33524,-26.55351,1,0,0,0,0,1,0,1,0,2.302325581395349,0.0552112676056338
74,N35A2,Yes,11/11/08,45.8,18.9,197.0,4150.0,0,8.18658,-26.45978,1,0,0,0,0,1,0,1,0,2.4232804232804233,0.047469879518072286
75,N36A1,Yes,11/8/08,35.5,17.5,190.0,3700.0,1,8.70642,-26.15003,1,0,0,0,0,1,0,1,0,2.0285714285714285,0.051351351351351354
76,N36A2,Yes,11/8/08,42.8,18.5,195.0,4250.0,0,8.2993,-26.38986,1,0,0,0,0,1,0,1,0,2.3135135135135134,0.04588235294117647
77,N37A1,Yes,11/6/08,40.9,16.8,191.0,3700.0,1,8.47257,-26.02002,1,0,0,0,0,1,0,1,0,2.4345238095238093,0.05162162162162162
78,N37A2,Yes,11/6/08,37.2,19.4,184.0,3900.0,0,8.3554,-26.44787,1,0,0,0,0,1,0,1,0,1.9175257731958766,0.04717948717948718
79,N38A1,Yes,11/9/08,36.2,16.1,187.0,3550.0,1,7.82381,-26.51382,1,0,0,0,0,1,0,1,0,2.248447204968944,0.05267605633802817
80,N38A2,Yes,11/9/08,42.1,19.1,195.0,4000.0,0,9.05736,-25.81513,1,0,0,0,0,1,0,1,0,2.2041884816753927,0.04875
81,N39A1,Yes,11/2/08,34.6,17.2,189.0,3200.0,1,7.69778,-26.5387,1,0,0,0,0,1,0,1,0,2.011627906976744,0.0590625
82,N39A2,Yes,11/2/08,42.9,17.6,196.0,4700.0,0,8.63259,-26.23027,1,0,0,0,0,1,0,1,0,2.4374999999999996,0.04170212765957447
83,N40A1,Yes,11/7/08,36.7,18.8,187.0,3800.0,1,7.88494,-26.24837,1,0,0,0,0,1,0,1,0,1.952127659574468,0.049210526315789475
84,N40A2,Yes,11/7/08,35.1,19.4,193.0,4200.0,0,8.90002,-26.46254,1,0,0,0,0,1,0,1,0,1.8092783505154642,0.04595238095238095
85,N41A1,Yes,11/17/08,37.3,17.8,191.0,3350.0,1,8.32718,-26.38396,1,0,0,0,1,0,0,1,0,2.095505617977528,0.05701492537313433
86,N41A2,Yes,11/17/08,41.3,20.3,194.0,3550.0,0,9.14863,-26.09635,1,0,0,0,1,0,0,1,0,2.0344827586206895,0.05464788732394366
87,N42A1,Yes,11/8/08,36.3,19.5,190.0,3800.0,0,8.57087,-26.22227,1,0,0,0,1,0,0,1,0,1.8615384615384614,0.05
88,N42A2,Yes,11/8/08,36.9,18.6,189.0,3500.0,1,8.59147,-26.08165,1,0,0,0,1,0,0,1,0,1.9838709677419353,0.054
89,N44A1,Yes,11/8/08,38.3,19.2,189.0,3950.0,0,9.07826,-26.12417,1,0,0,0,1,0,0,1,0,1.9947916666666665,0.047848101265822784
90,N44A2,Yes,11/8/08,38.9,18.8,190.0,3600.0,1,8.36936,-26.11199,1,0,0,0,1,0,0,1,0,2.0691489361702127,0.05277777777777778
91,N45A1,Yes,11/14/08,35.7,18.0,202.0,3550.0,1,8.46531,-26.05621,1,0,0,0,1,0,0,1,0,1.9833333333333334,0.056901408450704224
92,N45A2,Yes,11/14/08,41.1,18.1,205.0,4300.0,0,8.77018,-25.83352,1,0,0,0,1,0,0,1,0,2.270718232044199,0.047674418604651166
93,N46A1,Yes,11/5/08,34.0,17.1,185.0,3400.0,1,8.01485,-26.69543,1,0,0,0,1,0,0,1,0,1.9883040935672514,0.054411764705882354
94,N46A2,Yes,11/5/08,39.6,18.1,186.0,4450.0,0,8.49915,-26.42406,1,0,0,0,1,0,0,1,0,2.187845303867403,0.041797752808988765
95,N48A1,Yes,11/17/08,36.2,17.3,187.0,3300.0,1,8.90723,-26.30037,1,0,0,0,1,0,0,1,0,2.092485549132948,0.056666666666666664
96,N48A2,Yes,11/17/08,40.8,18.9,208.0,4300.0,0,8.48204,-26.57941,1,0,0,0,1,0,0,1,0,2.1587301587301586,0.04837209302325581
97,N49A1,Yes,11/8/08,38.1,18.6,190.0,3700.0,1,8.10277,-26.50086,1,0,0,0,1,0,0,1,0,2.0483870967741935,0.051351351351351354
98,N49A2,Yes,11/8/08,40.3,18.5,196.0,4350.0,0,8.39459,-26.01152,1,0,0,0,1,0,0,1,0,2.1783783783783783,0.045057471264367814
99,N50A1,Yes,11/10/08,33.1,16.1,178.0,2900.0,1,9.04218,-26.15775,1,0,0,0,1,0,0,1,0,2.0559006211180124,0.06137931034482759
100,N50A2,Yes,11/10/08,43.2,18.5,192.0,4100.0,0,8.97025,-26.03679,1,0,0,0,1,0,0,1,0,2.3351351351351353,0.04682926829268293
101,N47A1,Yes,11/9/09,35.0,17.9,192.0,3725.0,1,8.84451,-26.28055,1,0,0,1,0,0,0,0,1,1.9553072625698324,0.051543624161073824
102,N47A2,Yes,11/9/09,41.0,20.0,203.0,4725.0,0,9.01079,-26.38085,1,0,0,1,0,0,0,0,1,2.05,0.04296296296296296
103,N49A1,Yes,11/15/09,37.7,16.0,183.0,3075.0,1,9.2151,-26.2253,1,0,0,1,0,0,0,0,1,2.35625,0.05951219512195122
104,N49A2,Yes,11/15/09,37.8,20.0,190.0,4250.0,0,9.51929,-25.69199,1,0,0,1,0,0,0,0,1,1.89,0.04470588235294118
105,N51A1,Yes,11/15/09,37.9,18.6,193.0,2925.0,1,9.02642,-25.86482,1,0,0,1,0,0,0,0,1,2.0376344086021505,0.06598290598290599
106,N51A2,Yes,11/15/09,39.7,18.9,184.0,3550.0,0,8.85699,-25.80208,1,0,0,1,0,0,0,0,1,2.100529100529101,0.051830985915492955
107,N53A1,Yes,11/15/09,38.6,17.2,199.0,3750.0,1,8.77322,-26.48973,1,0,0,1,0,0,0,0,1,2.244186046511628,0.053066666666666665
108,N53A2,Yes,11/15/09,38.2,20.0,190.0,3900.0,0,9.59245,-25.70711,1,0,0,1,0,0,0,0,1,1.9100000000000001,0.04871794871794872
109,N55A1,Yes,11/20/09,38.1,17.0,181.0,3175.0,1,9.79532,-25.27385,1,0,0,1,0,0,0,0,1,2.2411764705882353,0.057007874015748035
110,N55A2,Yes,11/20/09,43.2,19.0,197.0,4775.0,0,9.31735,-25.45171,1,0,0,1,0,0,0,0,1,2.2736842105263158,0.0412565445026178
111,N58A1,Yes,11/12/09,38.1,16.5,198.0,3825.0,1,8.43951,-26.57563,1,0,0,1,0,0,0,0,1,2.309090909090909,0.05176470588235294
112,N58A2,Yes,11/12/09,45.6,20.3,191.0,4600.0,0,8.65466,-26.32909,1,0,0,1,0,0,0,0,1,2.2463054187192117,0.04152173913043478
113,N60A1,Yes,11/15/09,39.7,17.7,193.0,3200.0,1,9.02657,-26.06203,1,0,0,1,0,0,0,0,1,2.2429378531073447,0.0603125
114,N60A2,Yes,11/15/09,42.2,19.5,197.0,4275.0,0,8.80186,-26.41218,1,0,0,1,0,0,0,0,1,2.1641025641025644,0.04608187134502924
115,N61A1,Yes,11/17/09,39.6,20.7,191.0,3900.0,1,8.80967,-26.78958,1,0,0,1,0,0,0,0,1,1.9130434782608696,0.04897435897435897
116,N61A2,Yes,11/17/09,42.7,18.3,196.0,4075.0,0,8.91434,-26.42018,1,0,0,1,0,0,0,0,1,2.3333333333333335,0.04809815950920245
117,N63A1,Yes,11/18/09,38.6,17.0,188.0,2900.0,1,9.18021,-25.77264,1,0,0,0,0,1,0,0,1,2.2705882352941176,0.06482758620689655
118,N63A2,Yes,11/18/09,37.3,20.5,199.0,3775.0,0,9.49645,-26.36678,1,0,0,0,0,1,0,0,1,1.819512195121951,0.05271523178807947
119,N64A1,Yes,11/22/09,35.7,17.0,189.0,3350.0,1,8.96436,-23.90309,1,0,0,0,0,1,0,0,1,2.1,0.05641791044776119
120,N64A2,Yes,11/22/09,41.1,18.6,189.0,3325.0,0,9.32277,-26.09989,1,0,0,0,0,1,0,0,1,2.2096774193548385,0.056842105263157895
121,N66A1,No,11/17/09,36.2,17.2,187.0,3150.0,1,9.04296,-26.19444,1,0,0,0,0,1,0,0,1,2.104651162790698,0.059365079365079364
122,N66A2,No,11/17/09,37.7,19.8,198.0,3500.0,0,9.11066,-26.42563,1,0,0,0,0,1,0,0,1,1.9040404040404042,0.05657142857142857
123,N67A1,Yes,11/16/09,40.2,17.0,176.0,3450.0,1,9.30722,-25.61039,1,0,0,0,0,1,0,0,1,2.364705882352941,0.051014492753623186
124,N67A2,Yes,11/16/09,41.4,18.5,202.0,3875.0,0,9.59462,-25.42621,1,0,0,0,0,1,0,0,1,2.2378378378378376,0.05212903225806451
125,N69A1,Yes,11/18/09,35.2,15.9,186.0,3050.0,1,8.81668,-25.95399,1,0,0,0,0,1,0,0,1,2.2138364779874213,0.06098360655737705
126,N69A2,Yes,11/18/09,40.6,19.0,199.0,4000.0,0,9.22537,-25.60826,1,0,0,0,0,1,0,0,1,2.136842105263158,0.04975
127,N71A1,Yes,11/21/09,38.8,17.6,191.0,3275.0,1,8.88098,-25.89741,1,0,0,0,0,1,0,0,1,2.204545454545454,0.0583206106870229
128,N71A2,Yes,11/21/09,41.5,18.3,195.0,4300.0,0,8.52566,-26.0245,1,0,0,0,0,1,0,0,1,2.26775956284153,0.04534883720930233
129,N72A1,Yes,11/18/09,39.0,17.1,191.0,3050.0,1,9.19031,-25.73722,1,0,0,0,0,1,0,0,1,2.280701754385965,0.06262295081967213
130,N72A2,Yes,11/18/09,44.1,18.0,210.0,4000.0,0,9.10702,-26.01363,1,0,0,0,0,1,0,0,1,2.45,0.0525
131,N73A1,No,11/23/09,38.5,17.9,190.0,3325.0,1,8.9846,-25.57956,1,0,0,0,0,1,0,0,1,2.1508379888268156,0.05714285714285714
132,N73A2,No,11/23/09,43.1,19.2,197.0,3500.0,0,8.86495,-26.1396,1,0,0,0,0,1,0,0,1,2.244791666666667,0.056285714285714286
133,N76A1,Yes,11/10/09,36.8,18.5,193.0,3500.0,1,8.98705,-25.57647,1,0,0,0,1,0,0,0,1,1.989189189189189,0.055142857142857146
134,N76A2,Yes,11/10/09,37.5,18.5,199.0,4475.0,0,8.56708,-26.49288,1,0,0,0,1,0,0,0,1,2.027027027027027,0.04446927374301676
135,N77A1,Yes,11/13/09,38.1,17.6,187.0,3425.0,1,8.717,-25.77951,1,0,0,0,1,0,0,0,1,2.164772727272727,0.0545985401459854
136,N77A2,Yes,11/13/09,41.1,17.5,190.0,3900.0,0,8.94365,-26.06943,1,0,0,0,1,0,0,0,1,2.3485714285714288,0.04871794871794872
137,N78A1,Yes,11/16/09,35.6,17.5,191.0,3175.0,1,8.75984,-25.97696,1,0,0,0,1,0,0,0,1,2.0342857142857143,0.06015748031496063
138,N78A2,Yes,11/16/09,40.2,20.1,200.0,3975.0,0,8.95998,-26.32601,1,0,0,0,1,0,0,0,1,2.0,0.050314465408805034
139,N79A1,No,11/16/09,37.0,16.5,185.0,3400.0,1,8.61651,-26.07021,1,0,0,0,1,0,0,0,1,2.242424242424242,0.054411764705882354
140,N79A2,No,11/16/09,39.7,17.9,193.0,4250.0,0,9.25769,-25.88798,1,0,0,0,1,0,0,0,1,2.217877094972067,0.04541176470588235
141,N80A1,Yes,11/14/09,40.2,17.1,193.0,3400.0,1,9.2881,-25.54976,1,0,0,0,1,0,0,0,1,2.350877192982456,0.05676470588235294
142,N80A2,Yes,11/14/09,40.6,17.2,187.0,3475.0,0,9.23408,-26.01549,1,0,0,0,1,0,0,0,1,2.36046511627907,0.05381294964028777
143,N81A1,Yes,11/16/09,32.1,15.5,188.0,3050.0,1,8.79787,-26.61075,1,0,0,0,1,0,0,0,1,2.070967741935484,0.06163934426229508
144,N81A2,Yes,11/16/09,40.7,17.0,190.0,3725.0,0,9.05674,-25.79529,1,0,0,0,1,0,0,0,1,2.394117647058824,0.05100671140939597
145,N82A1,Yes,11/16/09,37.3,16.8,192.0,3000.0,1,9.06829,-25.85203,1,0,0,0,1,0,0,0,1,2.220238095238095,0.064
146,N82A2,Yes,11/16/09,39.0,18.7,185.0,3650.0,0,9.22033,-26.03442,1,0,0,0,1,0,0,0,1,2.085561497326203,0.050684931506849315
147,N83A1,Yes,11/13/09,39.2,18.6,190.0,4250.0,0,9.11006,-25.79549,1,0,0,0,1,0,0,0,1,2.10752688172043,0.04470588235294118
148,N83A2,Yes,11/13/09,36.6,18.4,184.0,3475.0,1,8.68744,-25.8306,1,0,0,0,1,0,0,0,1,1.9891304347826089,0.052949640287769786
149,N84A1,Yes,11/17/09,36.0,17.8,195.0,3450.0,1,8.94332,-25.79189,1,0,0,0,1,0,0,0,1,2.0224719101123596,0.05652173913043478
150,N84A2,Yes,11/17/09,37.8,18.1,193.0,3750.0,0,8.97533,-26.03495,1,0,0,0,1,0,0,0,1,2.0883977900552484,0.05146666666666667
151,N85A1,Yes,11/17/09,36.0,17.1,187.0,3700.0,1,8.93465,-26.07081,1,0,0,0,1,0,0,0,1,2.1052631578947367,0.05054054054054054
152,N85A2,Yes,11/17/09,41.5,18.5,201.0,4000.0,0,8.8964,-26.06967,1,0,0,0,1,0,0,0,1,2.2432432432432434,0.05025
1,N61A1,No,11/19/07,46.5,17.9,192.0,3500.0,1,9.03935,-24.30229,0,1,0,0,1,0,1,0,0,2.597765363128492,0.054857142857142854
2,N61A2,No,11/19/07,50.0,19.5,196.0,3900.0,0,8.92069,-24.23592,0,1,0,0,1,0,1,0,0,2.5641025641025643,0.050256410256410255
3,N62A1,Yes,11/26/07,51.3,19.2,193.0,3650.0,0,9.29078,-24.7557,0,1,0,0,1,0,1,0,0,2.671875,0.052876712328767124
4,N62A2,Yes,11/26/07,45.4,18.7,188.0,3525.0,1,8.64701,-24.62717,0,1,0,0,1,0,1,0,0,2.427807486631016,0.05333333333333334
5,N64A1,Yes,11/21/07,52.7,19.8,197.0,3725.0,0,9.00642,-24.61867,0,1,0,0,1,0,1,0,0,2.6616161616161618,0.05288590604026846
6,N64A2,Yes,11/21/07,45.2,17.8,198.0,3950.0,1,8.88942,-24.49433,0,1,0,0,1,0,1,0,0,2.539325842696629,0.05012658227848101
7,N66A1,Yes,11/28/07,46.1,18.2,178.0,3250.0,1,8.85664,-24.55644,0,1,0,0,1,0,1,0,0,2.5329670329670333,0.05476923076923077
8,N66A2,Yes,11/28/07,51.3,18.2,197.0,3750.0,0,8.63701,-24.84059,0,1,0,0,1,0,1,0,0,2.8186813186813184,0.052533333333333335
9,N67A1,Yes,11/21/07,46.0,18.9,195.0,4150.0,1,8.47173,-24.29229,0,1,0,0,1,0,1,0,0,2.433862433862434,0.046987951807228916
10,N67A2,Yes,11/21/07,51.3,19.9,198.0,3700.0,0,8.79581,-24.36088,0,1,0,0,1,0,1,0,0,2.577889447236181,0.053513513513513515
11,N68A1,Yes,11/28/07,46.6,17.8,193.0,3800.0,1,8.95063,-24.59897,0,1,0,0,1,0,1,0,0,2.6179775280898876,0.05078947368421052
12,N68A2,Yes,11/28/07,51.7,20.3,194.0,3775.0,0,8.68747,-24.38751,0,1,0,0,1,0,1,0,0,2.5467980295566504,0.05139072847682119
13,N69A1,Yes,11/26/07,47.0,17.3,185.0,3700.0,1,8.72037,-24.80526,0,1,0,0,1,0,1,0,0,2.7167630057803467,0.05
14,N69A2,Yes,11/26/07,52.0,18.1,201.0,4050.0,0,9.0233,-24.38933,0,1,0,0,1,0,1,0,0,2.87292817679558,0.04962962962962963
15,N70A1,Yes,11/22/07,45.9,17.1,190.0,3575.0,1,9.12277,-24.90024,0,1,0,0,1,0,1,0,0,2.6842105263157894,0.05314685314685315
16,N70A2,Yes,11/22/07,50.5,19.6,201.0,4050.0,0,9.8059,-24.7294,0,1,0,0,1,0,1,0,0,2.576530612244898,0.04962962962962963
17,N71A1,No,11/30/07,50.3,20.0,197.0,3300.0,0,10.02019,-24.54704,0,1,0,0,1,0,1,0,0,2.5149999999999997,0.0596969696969697
18,N71A2,No,11/30/07,58.0,17.8,181.0,3700.0,1,9.14382,-24.57994,0,1,0,0,1,0,1,0,0,3.258426966292135,0.04891891891891892
19,N72A1,Yes,11/30/07,46.4,18.6,190.0,3450.0,1,9.32105,-24.64162,0,1,0,0,1,0,1,0,0,2.494623655913978,0.05507246376811594
20,N72A2,Yes,11/30/07,49.2,18.2,195.0,4400.0,0,9.27158,-24.64335,0,1,0,0,1,0,1,0,0,2.7032967032967035,0.04431818181818182
21,N73A1,Yes,12/3/07,42.4,17.3,181.0,3600.0,1,9.35138,-24.6879,0,1,0,0,1,0,1,0,0,2.450867052023121,0.050277777777777775
22,N73A2,Yes,12/3/07,48.5,17.5,191.0,3400.0,0,9.42666,-24.26375,0,1,0,0,1,0,1,0,0,2.7714285714285714,0.05617647058823529
23,N85A1,No,11/28/07,43.2,16.6,187.0,2900.0,1,9.35416,-25.01185,0,1,0,0,1,0,1,0,0,2.602409638554217,0.06448275862068965
24,N85A2,No,11/28/07,50.6,19.4,193.0,3800.0,0,9.28153,-24.97134,0,1,0,0,1,0,1,0,0,2.6082474226804124,0.05078947368421052
25,N89A1,No,11/28/07,46.7,17.9,195.0,3300.0,1,9.74144,-24.59467,0,1,0,0,1,0,1,0,0,2.608938547486034,0.05909090909090909
26,N89A2,No,11/28/07,52.0,19.0,197.0,4150.0,0,9.36799,-24.47142,0,1,0,0,1,0,1,0,0,2.736842105263158,0.047469879518072286
27,N61A1,No,11/25/08,50.5,18.4,200.0,3400.0,1,8.9399,-23.89017,0,1,0,0,1,0,0,1,0,2.7445652173913047,0.058823529411764705
28,N61A2,No,11/25/08,49.5,19.0,200.0,3800.0,0,9.63074,-24.34684,0,1,0,0,1,0,0,1,0,2.6052631578947367,0.05263157894736842
29,N62A1,Yes,11/14/08,46.4,17.8,191.0,3700.0,1,9.37369,-24.52896,0,1,0,0,1,0,0,1,0,2.6067415730337076,0.05162162162162162
30,N62A2,Yes,11/14/08,52.8,20.0,205.0,4550.0,0,9.25177,-24.69638,0,1,0,0,1,0,0,1,0,2.6399999999999997,0.045054945054945054
31,N63A1,Yes,11/24/08,40.9,16.6,187.0,3200.0,1,9.08458,-24.54903,0,1,0,0,1,0,0,1,0,2.4638554216867465,0.0584375
32,N63A2,Yes,11/24/08,54.2,20.8,201.0,4300.0,0,9.49283,-24.59996,0,1,0,0,1,0,0,1,0,2.605769230769231,0.04674418604651163
33,N65A1,Yes,11/24/08,42.5,16.7,187.0,3350.0,1,9.36668,-24.45195,0,1,0,0,1,0,0,1,0,2.5449101796407185,0.05582089552238806
34,N65A2,Yes,11/24/08,51.0,18.8,203.0,4100.0,0,9.23196,-24.17282,0,1,0,0,1,0,0,1,0,2.7127659574468086,0.04951219512195122
35,N67A1,Yes,11/25/08,49.7,18.6,195.0,3600.0,0,9.75486,-24.31198,0,1,0,0,1,0,0,1,0,2.672043010752688,0.05416666666666667
36,N67A2,Yes,11/25/08,47.5,16.8,199.0,3900.0,1,9.07825,-25.1455,0,1,0,0,1,0,0,1,0,2.827380952380952,0.05102564102564103
37,N69A1,Yes,11/14/08,47.6,18.3,195.0,3850.0,1,8.83502,-24.65859,0,1,0,0,1,0,0,1,0,2.601092896174863,0.05064935064935065
38,N69A2,Yes,11/14/08,52.0,20.7,210.0,4800.0,0,9.43146,-24.6844,0,1,0,0,1,0,0,1,0,2.5120772946859904,0.04375
39,N72A1,No,11/24/08,46.9,16.6,192.0,2700.0,1,9.80589,-24.73735,0,1,0,0,1,0,0,1,0,2.8253012048192767,0.07111111111111111
40,N72A2,No,11/24/08,53.5,19.9,205.0,4500.0,0,10.02544,-24.90816,0,1,0,0,1,0,0,1,0,2.6884422110552766,0.04555555555555556
41,N74A1,Yes,11/24/08,49.0,19.5,210.0,3950.0,0,9.53262,-24.66867,0,1,0,0,1,0,0,1,0,2.5128205128205128,0.053164556962025315
42,N74A2,Yes,11/24/08,46.2,17.5,187.0,3650.0,1,9.61734,-24.66188,0,1,0,0,1,0,0,1,0,2.64,0.05123287671232877
43,N75A1,Yes,11/14/08,50.9,19.1,196.0,3550.0,0,10.02372,-24.86594,0,1,0,0,1,0,0,1,0,2.664921465968586,0.0552112676056338
44,N75A2,Yes,11/14/08,45.5,17.0,196.0,3500.0,1,9.36493,-24.66259,0,1,0,0,1,0,0,1,0,2.676470588235294,0.056
45,N86A1,Yes,11/17/09,50.9,17.9,196.0,3675.0,1,9.43684,-24.16566,0,1,0,0,1,0,0,0,1,2.8435754189944134,0.05333333333333334
46,N86A2,Yes,11/17/09,50.8,18.5,201.0,4450.0,0,9.45827,-24.35575,0,1,0,0,1,0,0,0,1,2.745945945945946,0.045168539325842694
47,N87A1,Yes,11/27/09,50.1,17.9,190.0,3400.0,1,9.46819,-24.45721,0,1,0,0,1,0,0,0,1,2.7988826815642462,0.05588235294117647
48,N87A2,Yes,11/27/09,49.0,19.6,212.0,4300.0,0,9.34089,-24.45189,0,1,0,0,1,0,0,0,1,2.5,0.04930232558139535
49,N88A1,Yes,11/23/09,51.5,18.7,187.0,3250.0,0,9.6895,-24.43062,0,1,0,0,1,0,0,0,1,2.7540106951871657,0.05753846153846154
50,N88A2,Yes,11/23/09,49.8,17.3,198.0,3675.0,1,9.32169,-24.41562,0,1,0,0,1,0,0,0,1,2.8786127167630053,0.053877551020408164
51,N90A1,Yes,11/21/09,48.1,16.4,199.0,3325.0,1,9.46929,-24.48403,0,1,0,0,1,0,0,0,1,2.932926829268293,0.059849624060150375
52,N90A2,Yes,11/21/09,51.4,19.0,201.0,3950.0,0,9.43782,-24.36202,0,1,0,0,1,0,0,0,1,2.705263157894737,0.05088607594936709
53,N92A1,Yes,11/23/09,45.7,17.3,193.0,3600.0,1,9.415,-24.805,0,1,0,0,1,0,0,0,1,2.6416184971098264,0.05361111111111111
54,N92A2,Yes,11/23/09,50.7,19.7,203.0,4050.0,0,9.93727,-24.59066,0,1,0,0,1,0,0,0,1,2.5736040609137056,0.050123456790123457
55,N93A1,Yes,11/27/09,42.5,17.3,187.0,3350.0,1,9.56534,-24.60882,0,1,0,0,1,0,0,0,1,2.4566473988439306,0.05582089552238806
56,N93A2,Yes,11/27/09,52.2,18.8,197.0,3450.0,0,9.77528,-24.56481,0,1,0,0,1,0,0,0,1,2.776595744680851,0.05710144927536232
57,N94A1,Yes,11/21/09,45.2,16.6,191.0,3250.0,1,9.62357,-24.78984,0,1,0,0,1,0,0,0,1,2.7228915662650603,0.05876923076923077
58,N94A2,Yes,11/21/09,49.3,19.9,203.0,4050.0,0,9.88809,-24.59513,0,1,0,0,1,0,0,0,1,2.477386934673367,0.050123456790123457
59,N95A1,Yes,11/21/09,50.2,18.8,202.0,3800.0,0,9.74492,-24.404,0,1,0,0,1,0,0,0,1,2.670212765957447,0.053157894736842105
60,N95A2,Yes,11/21/09,45.6,19.4,194.0,3525.0,1,9.46985,-24.65786,0,1,0,0,1,0,0,0,1,2.350515463917526,0.0550354609929078
61,N96A1,Yes,11/27/09,51.9,19.5,206.0,3950.0,0,8.733381696969698,-23.78767,0,1,0,0,1,0,0,0,1,2.6615384615384614,0.052151898734177214
62,N96A2,Yes,11/27/09,46.8,16.5,189.0,3650.0,1,9.65061,-24.48153,0,1,0,0,1,0,0,0,1,2.836363636363636,0.051780821917808216
63,N98A1,Yes,11/19/09,45.7,17.0,195.0,3650.0,1,9.26715,-24.31912,0,1,0,0,1,0,0,0,1,2.6882352941176473,0.05342465753424658
64,N98A2,Yes,11/19/09,55.8,19.8,207.0,4000.0,0,9.70465,-24.53494,0,1,0,0,1,0,0,0,1,2.818181818181818,0.05175
65,N99A1,No,11/21/09,43.5,18.1,202.0,3400.0,1,9.37608,-24.40753,0,1,0,0,1,0,0,0,1,2.4033149171270716,0.05941176470588235
66,N99A2,No,11/21/09,49.6,18.2,193.0,3775.0,0,9.4618,-24.70615,0,1,0,0,1,0,0,0,1,2.7252747252747254,0.051125827814569536
67,N100A1,Yes,11/21/09,50.8,19.0,210.0,4100.0,0,9.98044,-24.68741,0,1,0,0,1,0,0,0,1,2.6736842105263157,0.05121951219512195
68,N100A2,Yes,11/21/09,50.2,18.7,198.0,3775.0,1,9.39305,-24.25255,0,1,0,0,1,0,0,0,1,2.6844919786096257,0.052450331125827816
1,N31A1,Yes,11/27/07,46.1,13.2,211.0,4500.0,1,7.993,-25.5139,0,0,1,1,0,0,1,0,0,3.4924242424242427,0.04688888888888889
2,N31A2,Yes,11/27/07,50.0,16.3,230.0,5700.0,0,8.14756,-25.39369,0,0,1,1,0,0,1,0,0,3.067484662576687,0.04035087719298246
3,N32A1,Yes,11/27/07,48.7,14.1,210.0,4450.0,1,8.14705,-25.46172,0,0,1,1,0,0,1,0,0,3.4539007092198584,0.04719101123595506
4,N32A2,Yes,11/27/07,50.0,15.2,218.0,5700.0,0,8.2554,-25.40075,0,0,1,1,0,0,1,0,0,3.2894736842105265,0.03824561403508772
5,N33A1,Yes,11/18/07,47.6,14.5,215.0,5400.0,0,8.2345,-25.54456,0,0,1,1,0,0,1,0,0,3.282758620689655,0.03981481481481482
6,N33A2,Yes,11/18/07,46.5,13.5,210.0,4550.0,1,7.9953,-25.32829,0,0,1,1,0,0,1,0,0,3.4444444444444446,0.046153846153846156
7,N34A1,Yes,11/27/07,45.4,14.6,211.0,4800.0,1,8.24515,-25.46782,0,0,1,1,0,0,1,0,0,3.1095890410958904,0.043958333333333335
8,N34A2,Yes,11/27/07,46.7,15.3,219.0,5200.0,0,8.22673,-25.4276,0,0,1,1,0,0,1,0,0,3.0522875816993467,0.04211538461538462
9,N35A1,Yes,11/27/07,43.3,13.4,209.0,4400.0,1,8.13643,-25.32176,0,0,1,1,0,0,1,0,0,3.231343283582089,0.0475
10,N35A2,Yes,11/27/07,46.8,15.4,215.0,5150.0,0,8.1631,-25.38017,0,0,1,1,0,0,1,0,0,3.038961038961039,0.04174757281553398
11,N36A1,No,11/27/07,40.9,13.7,214.0,4650.0,1,8.19579,-25.3933,0,0,1,1,0,0,1,0,0,2.985401459854015,0.046021505376344085
12,N36A2,No,11/27/07,49.0,16.1,216.0,5550.0,0,8.10417,-25.50562,0,0,1,1,0,0,1,0,0,3.043478260869565,0.03891891891891892
13,N37A1,Yes,11/29/07,45.5,13.7,214.0,4650.0,1,7.77672,-25.4168,0,0,1,1,0,0,1,0,0,3.321167883211679,0.046021505376344085
14,N37A2,Yes,11/29/07,48.4,14.6,213.0,5850.0,0,7.8208,-25.48025,0,0,1,1,0,0,1,0,0,3.315068493150685,0.03641025641025641
15,N38A1,Yes,12/3/07,45.8,14.6,210.0,4200.0,1,7.79958,-25.62618,0,0,1,1,0,0,1,0,0,3.136986301369863,0.05
16,N38A2,Yes,12/3/07,49.3,15.7,217.0,5850.0,0,8.07137,-25.52473,0,0,1,1,0,0,1,0,0,3.140127388535032,0.03709401709401709
17,N39A1,Yes,11/27/07,42.0,13.5,210.0,4150.0,1,7.63884,-25.52627,0,0,1,1,0,0,1,0,0,3.111111111111111,0.05060240963855422
18,N39A2,Yes,11/27/07,49.2,15.2,221.0,6300.0,0,8.27376,-25.00169,0,0,1,1,0,0,1,0,0,3.2368421052631584,0.03507936507936508
19,N40A1,Yes,11/27/07,46.2,14.5,209.0,4800.0,1,7.84057,-25.37899,0,0,1,1,0,0,1,0,0,3.1862068965517243,0.043541666666666666
20,N40A2,Yes,11/27/07,48.7,15.1,222.0,5350.0,0,7.96491,-25.39587,0,0,1,1,0,0,1,0,0,3.2251655629139075,0.041495327102803736
21,N41A1,Yes,11/27/07,50.2,14.3,218.0,5700.0,0,7.8962,-25.37746,0,0,1,1,0,0,1,0,0,3.5104895104895104,0.03824561403508772
22,N41A2,Yes,11/27/07,45.1,14.5,215.0,5000.0,1,7.6322,-25.46569,0,0,1,1,0,0,1,0,0,3.110344827586207,0.043
23,N42A1,Yes,11/27/07,46.5,14.5,213.0,4400.0,1,7.90436,-25.3947,0,0,1,1,0,0,1,0,0,3.206896551724138,0.04840909090909091
24,N42A2,Yes,11/27/07,46.3,15.8,215.0,5050.0,0,7.90971,-25.38157,0,0,1,1,0,0,1,0,0,2.9303797468354427,0.04257425742574258
25,N44A1,Yes,11/29/07,42.9,13.1,215.0,5000.0,1,7.68528,-25.39181,0,0,1,1,0,0,1,0,0,3.2748091603053435,0.043
26,N44A2,Yes,11/29/07,46.1,15.1,215.0,5100.0,0,7.83733,-25.42826,0,0,1,1,0,0,1,0,0,3.0529801324503314,0.04215686274509804
27,N46A1,Yes,11/29/07,44.5,14.3,216.0,4100.0,0,7.96621,-25.69327,0,0,1,1,0,0,1,0,0,3.1118881118881117,0.05268292682926829
28,N46A2,Yes,11/29/07,47.8,15.0,215.0,5650.0,0,7.92358,-25.48383,0,0,1,1,0,0,1,0,0,3.1866666666666665,0.03805309734513274
29,N47A1,Yes,11/29/07,48.2,14.3,210.0,4600.0,1,7.6887,-25.50811,0,0,1,1,0,0,1,0,0,3.370629370629371,0.04565217391304348
30,N47A2,Yes,11/29/07,50.0,15.3,220.0,5550.0,0,8.30515,-25.19017,0,0,1,1,0,0,1,0,0,3.2679738562091503,0.03963963963963964
31,N50A1,Yes,11/29/07,47.3,15.3,222.0,5250.0,0,8.733381696969698,-25.686291540785504,0,0,1,1,0,0,1,0,0,3.091503267973856,0.04228571428571429
32,N50A2,Yes,11/29/07,42.8,14.2,209.0,4700.0,1,7.63452,-25.46327,0,0,1,1,0,0,1,0,0,3.0140845070422535,0.044468085106382976
33,N56A1,Yes,12/3/07,45.1,14.5,207.0,5050.0,1,7.97408,-25.53768,0,0,1,1,0,0,1,0,0,3.110344827586207,0.04099009900990099
34,N56A2,Yes,12/3/07,59.6,17.0,230.0,6050.0,0,7.76843,-25.6821,0,0,1,1,0,0,1,0,0,3.5058823529411764,0.03801652892561983
35,N2A1,Yes,11/13/08,49.1,14.8,220.0,5150.0,1,7.89744,-26.63405,0,0,1,1,0,0,0,1,0,3.3175675675675675,0.04271844660194175
36,N2A2,Yes,11/13/08,48.4,16.3,220.0,5400.0,0,8.03659,-26.86127,0,0,1,1,0,0,0,1,0,2.969325153374233,0.040740740740740744
37,N4A1,Yes,11/2/08,42.6,13.7,213.0,4950.0,1,7.96935,-26.70968,0,0,1,1,0,0,0,1,0,3.109489051094891,0.04303030303030303
38,N4A2,Yes,11/2/08,44.4,17.3,219.0,5250.0,0,8.13746,-26.79093,0,0,1,1,0,0,0,1,0,2.566473988439306,0.04171428571428572
39,N5A1,Yes,11/9/08,44.0,13.6,208.0,4350.0,1,8.01979,-26.68311,0,0,1,1,0,0,0,1,0,3.235294117647059,0.04781609195402299
40,N5A2,Yes,11/9/08,48.7,15.7,208.0,5350.0,0,8.14776,-26.84506,0,0,1,1,0,0,0,1,0,3.101910828025478,0.0388785046728972
41,N6A1,No,11/4/08,42.7,13.7,208.0,3950.0,1,8.14567,-26.59467,0,0,1,1,0,0,0,1,0,3.1167883211678835,0.052658227848101265
42,N6A2,No,11/4/08,49.6,16.0,225.0,5700.0,0,8.38324,-26.84272,0,0,1,1,0,0,0,1,0,3.1,0.039473684210526314
43,N7A1,Yes,11/4/08,45.3,13.7,210.0,4300.0,1,8.37615,-26.72791,0,0,1,1,0,0,0,1,0,3.3065693430656933,0.04883720930232558
44,N7A2,Yes,11/4/08,49.6,15.0,216.0,4750.0,0,8.26548,-26.7699,0,0,1,1,0,0,0,1,0,3.3066666666666666,0.04547368421052632
45,N8A1,Yes,11/3/08,50.5,15.9,222.0,5550.0,0,8.46894,-26.60436,0,0,1,1,0,0,0,1,0,3.1761006289308176,0.04
46,N8A2,Yes,11/3/08,43.6,13.9,217.0,4900.0,1,8.27141,-26.7765,0,0,1,1,0,0,0,1,0,3.1366906474820144,0.04428571428571428
47,N11A1,No,11/9/08,45.5,13.9,210.0,4200.0,1,8.47829,-26.61788,0,0,1,1,0,0,0,1,0,3.273381294964029,0.05
48,N11A2,No,11/9/08,50.5,15.9,225.0,5400.0,0,8.65803,-26.57585,0,0,1,1,0,0,0,1,0,3.1761006289308176,0.041666666666666664
49,N12A1,Yes,11/2/08,44.9,13.3,213.0,5100.0,1,8.45167,-26.89644,0,0,1,1,0,0,0,1,0,3.37593984962406,0.04176470588235294
50,N12A2,Yes,11/2/08,45.2,15.8,215.0,5300.0,0,8.55868,-26.67799,0,0,1,1,0,0,0,1,0,2.8607594936708862,0.040566037735849055
51,N13A1,Yes,11/4/08,46.6,14.2,210.0,4850.0,1,8.38289,-26.86352,0,0,1,1,0,0,0,1,0,3.2816901408450705,0.04329896907216495
52,N13A2,Yes,11/4/08,48.5,14.1,220.0,5300.0,0,8.39867,-26.79358,0,0,1,1,0,0,0,1,0,3.4397163120567376,0.04150943396226415
53,N14A1,Yes,11/4/08,45.1,14.4,210.0,4400.0,1,8.51951,-27.01854,0,0,1,1,0,0,0,1,0,3.1319444444444446,0.04772727272727273
54,N14A2,Yes,11/4/08,50.1,15.0,225.0,5000.0,0,8.50153,-26.61414,0,0,1,1,0,0,0,1,0,3.3400000000000003,0.045
55,N15A1,Yes,11/4/08,46.5,14.4,217.0,4900.0,1,8.48789,-26.83006,0,0,1,1,0,0,0,1,0,3.2291666666666665,0.04428571428571428
56,N15A2,Yes,11/4/08,45.0,15.4,220.0,5050.0,0,8.63488,-26.75621,0,0,1,1,0,0,0,1,0,2.922077922077922,0.04356435643564356
57,N16A1,Yes,11/3/08,43.8,13.9,208.0,4300.0,1,8.58319,-26.84415,0,0,1,1,0,0,0,1,0,3.151079136690647,0.04837209302325581
58,N16A2,Yes,11/3/08,45.5,15.0,220.0,5000.0,0,8.63604,-26.7489,0,0,1,1,0,0,0,1,0,3.033333333333333,0.044
59,N17A1,Yes,11/6/08,43.2,14.5,208.0,4450.0,1,8.48367,-26.86485,0,0,1,1,0,0,0,1,0,2.9793103448275864,0.046741573033707864
60,N17A2,Yes,11/6/08,50.4,15.3,224.0,5550.0,0,8.74647,-26.79846,0,0,1,1,0,0,0,1,0,3.2941176470588234,0.04036036036036036
61,N18A1,Yes,11/3/08,45.3,13.8,208.0,4200.0,1,8.65015,-26.79053,0,0,1,1,0,0,0,1,0,3.2826086956521734,0.049523809523809526
62,N18A2,Yes,11/3/08,46.2,14.9,221.0,5300.0,0,8.60092,-26.84374,0,0,1,1,0,0,0,1,0,3.1006711409395975,0.04169811320754717
63,N19A1,Yes,11/13/08,45.7,13.9,214.0,4400.0,1,8.6287,-26.60484,0,0,1,1,0,0,0,1,0,3.287769784172662,0.04863636363636364
64,N19A2,Yes,11/13/08,54.3,15.7,231.0,5650.0,0,8.49662,-26.84166,0,0,1,1,0,0,0,1,0,3.4585987261146496,0.04088495575221239
65,N20A1,Yes,11/4/08,45.8,14.2,219.0,4700.0,1,8.60447,-26.61601,0,0,1,1,0,0,0,1,0,3.2253521126760565,0.046595744680851064
66,N20A2,Yes,11/4/08,49.8,16.8,230.0,5700.0,0,8.47067,-26.69166,0,0,1,1,0,0,0,1,0,2.964285714285714,0.04035087719298246
67,N51A1,Yes,11/9/08,46.2,14.4,214.0,4650.0,0,8.24253,-26.8154,0,0,1,1,0,0,0,1,0,3.2083333333333335,0.046021505376344085
68,N51A2,Yes,11/9/08,49.5,16.2,229.0,5800.0,0,8.49854,-26.74809,0,0,1,1,0,0,0,1,0,3.055555555555556,0.03948275862068965
69,N53A1,Yes,11/13/08,43.5,14.2,220.0,4700.0,1,8.64931,-26.68867,0,0,1,1,0,0,0,1,0,3.063380281690141,0.04680851063829787
70,N53A2,Yes,11/13/08,50.7,15.0,223.0,5550.0,0,8.63551,-26.74249,0,0,1,1,0,0,0,1,0,3.3800000000000003,0.04018018018018018
71,N54A1,Yes,11/3/08,47.7,15.0,216.0,4750.0,1,8.53018,-26.72751,0,0,1,1,0,0,0,1,0,3.18,0.04547368421052632
72,N54A2,Yes,11/3/08,46.4,15.6,221.0,5000.0,0,8.35078,-26.70783,0,0,1,1,0,0,0,1,0,2.9743589743589745,0.0442
73,N55A1,Yes,11/9/08,48.2,15.6,221.0,5100.0,0,8.24651,-26.66958,0,0,1,1,0,0,0,1,0,3.08974358974359,0.043333333333333335
74,N55A2,Yes,11/9/08,46.5,14.8,217.0,5200.0,1,8.58487,-26.5929,0,0,1,1,0,0,0,1,0,3.1418918918918917,0.04173076923076923
75,N56A1,Yes,11/6/08,46.4,15.0,216.0,4700.0,1,8.47938,-26.9547,0,0,1,1,0,0,0,1,0,3.0933333333333333,0.04595744680851064
76,N56A2,Yes,11/6/08,48.6,16.0,230.0,5800.0,0,8.5964,-26.71199,0,0,1,1,0,0,0,1,0,3.0375,0.039655172413793106
77,N58A1,Yes,11/6/08,47.5,14.2,209.0,4600.0,1,8.39299,-26.78733,0,0,1,1,0,0,0,1,0,3.3450704225352115,0.04543478260869565
78,N58A2,Yes,11/6/08,51.1,16.3,220.0,6000.0,0,8.40327,-26.76821,0,0,1,1,0,0,0,1,0,3.1349693251533743,0.03666666666666667
79,N60A1,Yes,11/9/08,45.2,13.8,215.0,4750.0,1,8.24694,-26.65359,0,0,1,1,0,0,0,1,0,3.2753623188405796,0.045263157894736845
80,N60A2,Yes,11/9/08,45.2,16.4,223.0,5950.0,0,8.19749,-26.65931,0,0,1,1,0,0,0,1,0,2.75609756097561,0.03747899159663866
81,N1A1,Yes,11/18/09,49.1,14.5,212.0,4625.0,1,8.35802,-26.2766,0,0,1,1,0,0,0,0,1,3.386206896551724,0.04583783783783784
82,N1A2,Yes,11/18/09,52.5,15.6,221.0,5450.0,0,8.28601,-26.27573,0,0,1,1,0,0,0,0,1,3.3653846153846154,0.04055045871559633
83,N6A1,Yes,11/15/09,47.4,14.6,212.0,4725.0,1,8.19101,-26.24369,0,0,1,1,0,0,0,0,1,3.2465753424657535,0.04486772486772487
84,N6A2,Yes,11/15/09,50.0,15.9,224.0,5350.0,0,8.20042,-26.39677,0,0,1,1,0,0,0,0,1,3.144654088050314,0.041869158878504675
85,N8A1,Yes,11/22/09,44.9,13.8,212.0,4750.0,1,8.11238,-26.20372,0,0,1,1,0,0,0,0,1,3.253623188405797,0.04463157894736842
86,N8A2,Yes,11/22/09,50.8,17.3,228.0,5600.0,0,8.27428,-26.30019,0,0,1,1,0,0,0,0,1,2.936416184971098,0.04071428571428572
87,N13A1,Yes,11/20/09,43.4,14.4,218.0,4600.0,1,8.23468,-26.18599,0,0,1,1,0,0,0,0,1,3.013888888888889,0.04739130434782609
88,N13A2,Yes,11/20/09,51.3,14.2,218.0,5300.0,0,8.15426,-26.3433,0,0,1,1,0,0,0,0,1,3.612676056338028,0.041132075471698115
89,N14A1,Yes,11/25/09,47.5,14.0,212.0,4875.0,1,8.12691,-26.23613,0,0,1,1,0,0,0,0,1,3.392857142857143,0.043487179487179485
90,N14A2,Yes,11/25/09,52.1,17.0,230.0,5550.0,0,8.27595,-26.11657,0,0,1,1,0,0,0,0,1,3.0647058823529414,0.04144144144144144
91,N15A1,Yes,11/25/09,47.5,15.0,218.0,4950.0,1,8.29671,-26.08547,0,0,1,1,0,0,0,0,1,3.1666666666666665,0.04404040404040404
92,N15A2,Yes,11/25/09,52.2,17.1,228.0,5400.0,0,8.36701,-25.89834,0,0,1,1,0,0,0,0,1,3.052631578947368,0.042222222222222223
93,N18A1,Yes,12/1/09,45.5,14.5,212.0,4750.0,1,8.15566,-26.22848,0,0,1,1,0,0,0,0,1,3.1379310344827585,0.04463157894736842
94,N18A2,Yes,12/1/09,49.5,16.1,224.0,5650.0,0,8.83352,-25.69195,0,0,1,1,0,0,0,0,1,3.074534161490683,0.03964601769911504
95,N19A1,Yes,11/27/09,44.5,14.7,214.0,4850.0,1,8.20106,-26.16524,0,0,1,1,0,0,0,0,1,3.0272108843537415,0.044123711340206186
96,N19A2,Yes,11/27/09,50.8,15.7,226.0,5200.0,0,8.27102,-26.11244,0,0,1,1,0,0,0,0,1,3.2356687898089174,0.04346153846153846
97,N20A1,Yes,11/18/09,49.4,15.8,216.0,4925.0,0,8.03624,-26.06594,0,0,1,1,0,0,0,0,1,3.1265822784810124,0.04385786802030457
98,N20A2,Yes,11/18/09,46.9,14.6,222.0,4875.0,1,7.8881,-26.04726,0,0,1,1,0,0,0,0,1,3.212328767123288,0.04553846153846154
99,N21A1,Yes,11/18/09,48.4,14.4,203.0,4625.0,1,8.16582,-26.13971,0,0,1,1,0,0,0,0,1,3.3611111111111107,0.04389189189189189
100,N21A2,Yes,11/18/09,51.1,16.5,225.0,5250.0,0,8.2066,-26.36863,0,0,1,1,0,0,0,0,1,3.096969696969697,0.04285714285714286
101,N22A1,Yes,11/22/09,48.5,15.0,219.0,4850.0,1,8.10231,-26.18763,0,0,1,1,0,0,0,0,1,3.2333333333333334,0.045154639175257735
102,N22A2,Yes,11/22/09,55.9,17.0,228.0,5600.0,0,8.3118,-26.35425,0,0,1,1,0,0,0,0,1,3.288235294117647,0.04071428571428572
103,N23A1,Yes,11/18/09,47.2,15.5,215.0,4975.0,1,8.30817,-26.21651,0,0,1,1,0,0,0,0,1,3.045161290322581,0.04321608040201005
104,N23A2,Yes,11/18/09,49.1,15.0,228.0,5500.0,0,8.65914,-25.79203,0,0,1,1,0,0,0,0,1,3.2733333333333334,0.04145454545454545
105,N24A1,Yes,12/1/09,47.3,13.8,216.0,4725.0,0,8.25818,-26.23886,0,0,1,1,0,0,0,0,1,3.4275362318840576,0.045714285714285714
106,N24A2,Yes,12/1/09,46.8,16.1,215.0,5500.0,0,8.32359,-26.05756,0,0,1,1,0,0,0,0,1,2.9068322981366457,0.03909090909090909
107,N28A1,Yes,11/10/09,41.7,14.7,210.0,4700.0,1,8.12311,-26.44815,0,0,1,1,0,0,0,0,1,2.8367346938775513,0.04468085106382979
108,N28A2,Yes,11/10/09,53.4,15.8,219.0,5500.0,0,8.41017,-26.33867,0,0,1,1,0,0,0,0,1,3.3797468354430378,0.039818181818181815
109,N29A1,Yes,11/9/09,43.3,14.0,208.0,4575.0,1,8.4207,-26.38092,0,0,1,1,0,0,0,0,1,3.0928571428571425,0.04546448087431694
110,N29A2,Yes,11/9/09,48.1,15.1,209.0,5500.0,0,8.45738,-26.22664,0,0,1,1,0,0,0,0,1,3.185430463576159,0.038
111,N32A1,Yes,11/20/09,50.5,15.2,216.0,5000.0,1,8.24691,-26.18466,0,0,1,1,0,0,0,0,1,3.322368421052632,0.0432
112,N32A2,Yes,11/20/09,49.8,15.9,229.0,5950.0,0,8.29226,-26.21019,0,0,1,1,0,0,0,0,1,3.132075471698113,0.038487394957983194
113,N34A1,Yes,11/27/09,43.5,15.2,213.0,4650.0,1,8.21634,-26.11046,0,0,1,1,0,0,0,0,1,2.861842105263158,0.045806451612903226
114,N34A2,Yes,11/27/09,51.5,16.3,230.0,5500.0,0,8.78557,-25.76147,0,0,1,1,0,0,0,0,1,3.1595092024539877,0.04181818181818182
115,N35A1,Yes,11/25/09,46.2,14.1,217.0,4375.0,1,8.30231,-25.96013,0,0,1,1,0,0,0,0,1,3.276595744680851,0.0496
116,N35A2,Yes,11/25/09,55.1,16.0,230.0,5850.0,0,8.08354,-26.18161,0,0,1,1,0,0,0,0,1,3.44375,0.039316239316239315
117,N36A1,Yes,12/1/09,44.5,15.7,217.0,4875.0,0,8.04111,-26.18444,0,0,1,1,0,0,0,0,1,2.8343949044585988,0.04451282051282051
118,N36A2,Yes,12/1/09,48.8,16.2,222.0,6000.0,0,8.33825,-25.88547,0,0,1,1,0,0,0,0,1,3.0123456790123457,0.037
119,N38A1,No,12/1/09,47.2,13.7,214.0,4925.0,1,7.99184,-26.20538,0,0,1,1,0,0,0,0,1,3.445255474452555,0.04345177664974619
121,N39A1,Yes,11/22/09,46.8,14.3,215.0,4850.0,1,8.41151,-26.13832,0,0,1,1,0,0,0,0,1,3.2727272727272725,0.0443298969072165
122,N39A2,Yes,11/22/09,50.4,15.7,222.0,5750.0,0,8.30166,-26.04117,0,0,1,1,0,0,0,0,1,3.210191082802548,0.03860869565217391
123,N43A1,Yes,11/22/09,45.2,14.8,212.0,5200.0,1,8.24246,-26.11969,0,0,1,1,0,0,0,0,1,3.054054054054054,0.040769230769230766
124,N43A2,Yes,11/22/09,49.9,16.1,213.0,5400.0,0,8.3639,-26.15531,0,0,1,1,0,0,0,0,1,3.0993788819875774,0.03944444444444444
